"","term","estimate","std.error","statistic","p.value"
"1","(Intercept)",6299.15312648482,1035.48021025101,6.08331580277894,1.93435578693594e-09
"2","temp",-929.607020402141,1459.46520799355,-0.636950449596639,0.524364771452087
"3","seasonspring",-6393.32340760474,1085.53044726416,-5.88958460236438,6.00379878249885e-09
"4","seasonsummer",-4927.88745994626,1141.02774935286,-4.31881473762679,1.79472698577145e-05
"5","seasonwinter",-4132.11606164512,1122.57965059668,-3.68091124709841,0.000250223378764142
"6","temp:seasonspring",10071.8574684964,1785.72825338018,5.64019606534842,2.46335743743792e-08
"7","temp:seasonsummer",7610.25701261392,1695.21402984604,4.4892602813729,8.35231592395322e-06
"8","temp:seasonwinter",7038.4930717204,1764.92299252382,3.98798876865184,7.36224046424786e-05
